[
  {
    "name" : "abz5",
    "jobs" : 10,
    "machines" : 10,
    "optimum" : 1234,
    "path" : "instances/abz5"
  },
  {
    "name" : "abz6",
    "jobs" : 10,
    "machines" : 10,
    "optimum" : 943,
    "path" : "instances/abz6"
  },
  {
    "name" : "abz7",
    "jobs" : 20,
    "machines" : 15,
    "optimum" : 656,
    "path" : "instances/abz7"
  },
  {
    "name" : "abz8",
    "jobs" : 20,
    "machines" : 15,
    "optimum" : null,
    "bounds" : {
      "upper" : 665,
      "lower" : 645
    },
    "path" : "instances/abz8"
  },
  {
    "name" : "abz9",
    "jobs" : 20,
    "machines" : 15,
    "optimum" : null,
    "bounds" : {
      "upper" : 679,
      "lower" : 661
    },
    "path" : "instances/abz9"
  },
  {
    "name" : "ft06",
    "jobs" : 6,
    "machines" : 6,
    "optimum" : 55,
    "path" : "instances/ft06"
  },
  {
    "name" : "ft10",
    "jobs" : 10,
    "machines" : 10,
    "optimum" : 930,
    "path" : "instances/ft10"
  },
  {
    "name" : "ft20",
    "jobs" : 20,
    "machines" : 5,
    "optimum" : 1165,
    "path" : "instances/ft20"
  },
  {
    "name" : "la01",
    "jobs" : 10,
    "machines" : 5,
    "optimum" : 666,
    "path" : "instances/la01"
  },
  {
    "name" : "la02",
    "jobs" : 10,
    "machines" : 5,
    "optimum" : 655,
    "path" : "instances/la02"
  },
  {
    "name" : "la03",
    "jobs" : 10,
    "machines" : 5,
    "optimum" : 597,
    "path" : "instances/la03"
  },
  {
    "name" : "la04",
    "jobs" : 10,
    "machines" : 5,
    "optimum" : 590,
    "path" : "instances/la04"
  },
  {
    "name" : "la05",
    "jobs" : 10,
    "machines" : 5,
    "optimum" : 593,
    "path" : "instances/la05"
  },
  {
    "name" : "la06",
    "jobs" : 15,
    "machines" : 5,
    "optimum" : 926,
    "path" : "instances/la06"
  },
  {
    "name" : "la07",
    "jobs" : 15,
    "machines" : 5,
    "optimum" : 890,
    "path" : "instances/la07"
  },
  {
    "name" : "la08",
    "jobs" : 15,
    "machines" : 5,
    "optimum" : 863,
    "path" : "instances/la08"
  },
  {
    "name" : "la09",
    "jobs" : 15,
    "machines" : 5,
    "optimum" : 951,
    "path" : "instances/la09"
  },
  {
    "name" : "la10",
    "jobs" : 15,
    "machines" : 5,
    "optimum" : 958,
    "path" : "instances/la10"
  },
  {
    "name" : "la11",
    "jobs" : 20,
    "machines" : 5,
    "optimum" : 1222,
    "path" : "instances/la11"
  },
  {
    "name" : "la12",
    "jobs" : 20,
    "machines" : 5,
    "optimum" : 1039,
    "path" : "instances/la12"
  },
  {
    "name" : "la13",
    "jobs" : 20,
    "machines" : 5,
    "optimum" : 1150,
    "path" : "instances/la13"
  },
  {
    "name" : "la14",
    "jobs" : 20,
    "machines" : 5,
    "optimum" : 1292,
    "path" : "instances/la14"
  },
  {
    "name" : "la15",
    "jobs" : 20,
    "machines" : 5,
    "optimum" : 1207,
    "path" : "instances/la15"
  },
  {
    "name" : "la16",
    "jobs" : 10,
    "machines" : 10,
    "optimum" : 945,
    "path" : "instances/la16"
  },
  {
    "name" : "la17",
    "jobs" : 10,
    "machines" : 10,
    "optimum" : 784,
    "path" : "instances/la17"
  },
  {
    "name" : "la18",
    "jobs" : 10,
    "machines" : 10,
    "optimum" : 848,
    "path" : "instances/la18"
  },
  {
    "name" : "la19",
    "jobs" : 10,
    "machines" : 10,
    "optimum" : 842,
    "path" : "instances/la19"
  },
  {
    "name" : "la20",
    "jobs" : 10,
    "machines" : 10,
    "optimum" : 902,
    "path" : "instances/la20"
  },
  {
    "name" : "la21",
    "jobs" : 15,
    "machines" : 10,
    "optimum" : 1046,
    "path" : "instances/la21"
  },
  {
    "name" : "la22",
    "jobs" : 15,
    "machines" : 10,
    "optimum" : 927,
    "path" : "instances/la22"
  },
  {
    "name" : "la23",
    "jobs" : 15,
    "machines" : 10,
    "optimum" : 1032,
    "path" : "instances/la23"
  },
  {
    "name" : "la24",
    "jobs" : 15,
    "machines" : 10,
    "optimum" : 935,
    "path" : "instances/la24"
  },
  {
    "name" : "la25",
    "jobs" : 15,
    "machines" : 10,
    "optimum" : 977,
    "path" : "instances/la25"
  },
  {
    "name" : "la26",
    "jobs" : 20,
    "machines" : 10,
    "optimum" : 1218,
    "path" : "instances/la26"
  },
  {
    "name" : "la27",
    "jobs" : 20,
    "machines" : 10,
    "optimum" : 1235,
    "path" : "instances/la27"
  },
  {
    "name" : "la28",
    "jobs" : 20,
    "machines" : 10,
    "optimum" : 1216,
    "path" : "instances/la28"
  },
  {
    "name" : "la29",
    "jobs" : 20,
    "machines" : 10,
    "optimum" : 1152,
    "path" : "instances/la29"
  },
  {
    "name" : "la30",
    "jobs" : 20,
    "machines" : 10,
    "optimum" : 1355,
    "path" : "instances/la30"
  },
  {
    "name" : "la31",
    "jobs" : 30,
    "machines" : 10,
    "optimum" : 1784,
    "path" : "instances/la31"
  },
  {
    "name" : "la32",
    "jobs" : 30,
    "machines" : 10,
    "optimum" : 1850,
    "path" : "instances/la32"
  },
  {
    "name" : "la33",
    "jobs" : 30,
    "machines" : 10,
    "optimum" : 1719,
    "path" : "instances/la33"
  },
  {
    "name" : "la34",
    "jobs" : 30,
    "machines" : 10,
    "optimum" : 1721,
    "path" : "instances/la34"
  },
  {
    "name" : "la35",
    "jobs" : 30,
    "machines" : 10,
    "optimum" : 1888,
    "path" : "instances/la35"
  },
  {
    "name" : "la36",
    "jobs" : 15,
    "machines" : 15,
    "optimum" : 1268,
    "path" : "instances/la36"
  },
  {
    "name" : "la37",
    "jobs" : 15,
    "machines" : 15,
    "optimum" : 1397,
    "path" : "instances/la37"
  },
  {
    "name" : "la38",
    "jobs" : 15,
    "machines" : 15,
    "optimum" : 1196,
    "path" : "instances/la38"
  },
  {
    "name" : "la39",
    "jobs" : 15,
    "machines" : 15,
    "optimum" : 1233,
    "path" : "instances/la39"
  },
  {
    "name" : "la40",
    "jobs" : 15,
    "machines" : 15,
    "optimum" : 1222,
    "path" : "instances/la40"
  },
  {
    "name" : "orb01",
    "jobs" : 10,
    "machines" : 10,
    "optimum" : 1059,
    "path" : "instances/orb01"
  },
  {
    "name" : "orb02",
    "jobs" : 10,
    "machines" : 10,
    "optimum" : 888,
    "path" : "instances/orb02"
  },
  {
    "name" : "orb03",
    "jobs" : 10,
    "machines" : 10,
    "optimum" : 1005,
    "path" : "instances/orb03"
  },
  {
    "name" : "orb04",
    "jobs" : 10,
    "machines" : 10,
    "optimum" : 1005,
    "path" : "instances/orb04"
  },
  {
    "name" : "orb05",
    "jobs" : 10,
    "machines" : 10,
    "optimum" : 887,
    "path" : "instances/orb05"
  },
  {
    "name" : "orb06",
    "jobs" : 10,
    "machines" : 10,
    "optimum" : 1010,
    "path" : "instances/orb06"
  },
  {
    "name" : "orb07",
    "jobs" : 10,
    "machines" : 10,
    "optimum" : 397,
    "path" : "instances/orb07"
  },
  {
    "name" : "orb08",
    "jobs" : 10,
    "machines" : 10,
    "optimum" : 899,
    "path" : "instances/orb08"
  },
  {
    "name" : "orb09",
    "jobs" : 10,
    "machines" : 10,
    "optimum" : 934,
    "path" : "instances/orb09"
  },
  {
    "name" : "orb10",
    "jobs" : 10,
    "machines" : 10,
    "optimum" : 944,
    "path" : "instances/orb10"
  },
  {
    "name" : "swv01",
    "jobs" : 20,
    "machines" : 10,
    "optimum" : 1407,
    "path" : "instances/swv01"
  },
  {
    "name" : "swv02",
    "jobs" : 20,
    "machines" : 10,
    "optimum" : 1475,
    "path" : "instances/swv02"
  },
  {
    "name" : "swv03",
    "jobs" : 20,
    "machines" : 10,
    "optimum" : null,
    "bounds" : {
      "upper" : 1398,
      "lower" : 1369
    },
    "path" : "instances/swv03"
  },
  {
    "name" : "swv04",
    "jobs" : 20,
    "machines" : 10,
    "optimum" : null,
    "bounds" : {
      "upper" : 1474,
      "lower" : 1450
    },
    "path" : "instances/swv04"
  },
  {
    "name" : "swv05",
    "jobs" : 20,
    "machines" : 10,
    "optimum" : 1424,
    "path" : "instances/swv05"
  },
  {
    "name" : "swv06",
    "jobs" : 20,
    "machines" : 15,
    "optimum" : null,
    "bounds" : {
      "upper" : 1678,
      "lower" : 1591
    },
    "path" : "instances/swv06"
  },
  {
    "name" : "swv07",
    "jobs" : 20,
    "machines" : 15,
    "optimum" : null,
    "bounds" : {
      "upper" : 1600,
      "lower" : 1446
    },
    "path" : "instances/swv07"
  },
  {
    "name" : "swv08",
    "jobs" : 20,
    "machines" : 15,
    "optimum" : null,
    "bounds" : {
      "upper" : 1763,
      "lower" : 1640
    },
    "path" : "instances/swv08"
  },
  {
    "name" : "swv09",
    "jobs" : 20,
    "machines" : 15,
    "optimum" : null,
    "bounds" : {
      "upper" : 1661,
      "lower" : 1604
    },
    "path" : "instances/swv09"
  },
  {
    "name" : "swv10",
    "jobs" : 20,
    "machines" : 15,
    "optimum" : null,
    "bounds" : {
      "upper" : 1767,
      "lower" : 1631
    },
    "path" : "instances/swv10"
  },
  {
    "name" : "swv11",
    "jobs" : 50,
    "machines" : 10,
    "optimum" : null,
    "bounds" : {
      "upper" : 2991,
      "lower" : 2983
    },
    "path" : "instances/swv11"
  },
  {
    "name" : "swv12",
    "jobs" : 50,
    "machines" : 10,
    "optimum" : null,
    "bounds" : {
      "upper" : 3003,
      "lower" : 2972
    },
    "path" : "instances/swv12"
  },
  {
    "name" : "swv13",
    "jobs" : 50,
    "machines" : 10,
    "optimum" : 3104,
    "path" : "instances/swv13"
  },
  {
    "name" : "swv14",
    "jobs" : 50,
    "machines" : 10,
    "optimum" : 2968,
    "path" : "instances/swv14"
  },
  {
    "name" : "swv15",
    "jobs" : 50,
    "machines" : 10,
    "optimum" : null,
    "bounds" : {
      "upper" : 2904,
      "lower" : 2885
    },
    "path" : "instances/swv15"
  },
  {
    "name" : "swv16",
    "jobs" : 50,
    "machines" : 10,
    "optimum" : 2924,
    "path" : "instances/swv16"
  },
  {
    "name" : "swv17",
    "jobs" : 50,
    "machines" : 10,
    "optimum" : 2794,
    "path" : "instances/swv17"
  },
  {
    "name" : "swv18",
    "jobs" : 50,
    "machines" : 10,
    "optimum" : 2852,
    "path" : "instances/swv18"
  },
  {
    "name" : "swv19",
    "jobs" : 50,
    "machines" : 10,
    "optimum" : 2843,
    "path" : "instances/swv19"
  },
  {
    "name" : "swv20",
    "jobs" : 50,
    "machines" : 10,
    "optimum" : 2823,
    "path" : "instances/swv20"
  },
  {
    "name" : "yn1",
    "jobs" : 20,
    "machines" : 20,
    "optimum" : null,
    "bounds" : {
      "upper" : 885,
      "lower" : 826
    },
    "path" : "instances/yn1"
  },
  {
    "name" : "yn2",
    "jobs" : 20,
    "machines" : 20,
    "optimum" : null,
    "bounds" : {
      "upper" : 909,
      "lower" : 861
    },
    "path" : "instances/yn2"
  },
  {
    "name" : "yn3",
    "jobs" : 20,
    "machines" : 20,
    "optimum" : null,
    "bounds" : {
      "upper" : 892,
      "lower" : 827
    },
    "path" : "instances/yn3"
  },
  {
    "name" : "yn4",
    "jobs" : 20,
    "machines" : 20,
    "optimum" : null,
    "bounds" : {
      "upper" : 968,
      "lower" : 918
    },
    "path" : "instances/yn4"
  },
  {
    "name" : "ta01",
    "jobs" : 15,
    "machines" : 15,
    "optimum" : 1231,
    "path" : "instances/ta01"
  },
  {
    "name" : "ta02",
    "jobs" : 15,
    "machines" : 15,
    "optimum" : 1244,
    "path" : "instances/ta02"
  },
  {
    "name" : "ta03",
    "jobs" : 15,
    "machines" : 15,
    "optimum" : 1218,
    "path" : "instances/ta03"
  },
  {
    "name" : "ta04",
    "jobs" : 15,
    "machines" : 15,
    "optimum" : 1175,
    "path" : "instances/ta04"
  },
  {
    "name" : "ta05",
    "jobs" : 15,
    "machines" : 15,
    "optimum" : 1224,
    "path" : "instances/ta05"
  },
  {
    "name" : "ta06",
    "jobs" : 15,
    "machines" : 15,
    "optimum" : 1238,
    "path" : "instances/ta06"
  },
  {
    "name" : "ta07",
    "jobs" : 15,
    "machines" : 15,
    "optimum" : 1227,
    "path" : "instances/ta07"
  },
  {
    "name" : "ta08",
    "jobs" : 15,
    "machines" : 15,
    "optimum" : 1217,
    "path" : "instances/ta08"
  },
  {
    "name" : "ta09",
    "jobs" : 15,
    "machines" : 15,
    "optimum" : 1274,
    "path" : "instances/ta09"
  },
  {
    "name" : "ta10",
    "jobs" : 15,
    "machines" : 15,
    "optimum" : 1241,
    "path" : "instances/ta10"
  },
  {
    "name" : "ta11",
    "jobs" : 20,
    "machines" : 15,
    "optimum" : null,
    "bounds" : {
      "upper" : 1361,
      "lower" : 1323
    },
    "path" : "instances/ta11"
  },
  {
    "name" : "ta12",
    "jobs" : 20,
    "machines" : 15,
    "optimum" : null,
    "bounds" : {
      "upper" : 1367,
      "lower" : 1351
    },
    "path" : "instances/ta12"
  },
  {
    "name" : "ta13",
    "jobs" : 20,
    "machines" : 15,
    "optimum" : null,
    "bounds" : {
      "upper" : 1342,
      "lower" : 1282
    },
    "path" : "instances/ta13"
  },
  {
    "name" : "ta14",
    "jobs" : 20,
    "machines" : 15,
    "optimum" : 1345,
    "path" : "instances/ta14"
  },
  {
    "name" : "ta15",
    "jobs" : 20,
    "machines" : 15,
    "optimum" : null,
    "bounds" : {
      "upper" : 1340,
      "lower" : 1304
    },
    "path" : "instances/ta15"
  },
  {
    "name" : "ta16",
    "jobs" : 20,
    "machines" : 15,
    "optimum" : null,
    "bounds" : {
      "upper" : 1360,
      "lower" : 1302
    },
    "path" : "instances/ta16"
  },
  {
    "name" : "ta17",
    "jobs" : 20,
    "machines" : 15,
    "optimum" : 1462,
    "path" : "instances/ta17"
  },
  {
    "name" : "ta18",
    "jobs" : 20,
    "machines" : 15,
    "optimum" : null,
    "bounds" : {
      "upper" : 1396,
      "lower" : 1369
    },
    "path" : "instances/ta18"
  },
  {
    "name" : "ta19",
    "jobs" : 20,
    "machines" : 15,
    "optimum" : null,
    "bounds" : {
      "upper" : 1335,
      "lower" : 1297
    },
    "path" : "instances/ta19"
  },
  {
    "name" : "ta20",
    "jobs" : 20,
    "machines" : 15,
    "optimum" : null,
    "bounds" : {
      "upper" : 1351,
      "lower" : 1318
    },
    "path" : "instances/ta20"
  },
  {
    "name" : "ta21",
    "jobs" : 20,
    "machines" : 20,
    "optimum" : null,
    "bounds" : {
      "upper" : 1644,
      "lower" : 1539
    },
    "path" : "instances/ta21"
  },
  {
    "name" : "ta22",
    "jobs" : 20,
    "machines" : 20,
    "optimum" : null,
    "bounds" : {
      "upper" : 1600,
      "lower" : 1511
    },
    "path" : "instances/ta22"
  },
  {
    "name" : "ta23",
    "jobs" : 20,
    "machines" : 20,
    "optimum" : null,
    "bounds" : {
      "upper" : 1557,
      "lower" : 1472
    },
    "path" : "instances/ta23"
  },
  {
    "name" : "ta24",
    "jobs" : 20,
    "machines" : 20,
    "optimum" : null,
    "bounds" : {
      "upper" : 1647,
      "lower" : 1602
    },
    "path" : "instances/ta24"
  },
  {
    "name" : "ta25",
    "jobs" : 20,
    "machines" : 20,
    "optimum" : null,
    "bounds" : {
      "upper" : 1595,
      "lower" : 1504
    },
    "path" : "instances/ta25"
  },
  {
    "name" : "ta26",
    "jobs" : 20,
    "machines" : 20,
    "optimum" : null,
    "bounds" : {
      "upper" : 1645,
      "lower" : 1539
    },
    "path" : "instances/ta26"
  },
  {
    "name" : "ta27",
    "jobs" : 20,
    "machines" : 20,
    "optimum" : null,
    "bounds" : {
      "upper" : 1680,
      "lower" : 1616
    },
    "path" : "instances/ta27"
  },
  {
    "name" : "ta28",
    "jobs" : 20,
    "machines" : 20,
    "optimum" : null,
    "bounds" : {
      "upper" : 1614,
      "lower" : 1591
    },
    "path" : "instances/ta28"
  },
  {
    "name" : "ta29",
    "jobs" : 20,
    "machines" : 20,
    "optimum" : null,
    "bounds" : {
      "upper" : 1635,
      "lower" : 1514
    },
    "path" : "instances/ta29"
  },
  {
    "name" : "ta30",
    "jobs" : 20,
    "machines" : 20,
    "optimum" : null,
    "bounds" : {
      "upper" : 1584,
      "lower" : 1473
    },
    "path" : "instances/ta30"
  },
  {
    "name" : "ta31",
    "jobs" : 30,
    "machines" : 15,
    "optimum" : 1764,
    "path" : "instances/ta31"
  },
  {
    "name" : "ta32",
    "jobs" : 30,
    "machines" : 15,
    "optimum" : null,
    "bounds" : {
      "upper" : 1796,
      "lower" : 1774
    },
    "path" : "instances/ta32"
  },
  {
    "name" : "ta33",
    "jobs" : 30,
    "machines" : 15,
    "optimum" : null,
    "bounds" : {
      "upper" : 1793,
      "lower" : 1778
    },
    "path" : "instances/ta33"
  },
  {
    "name" : "ta34",
    "jobs" : 30,
    "machines" : 15,
    "optimum" : null,
    "bounds" : {
      "upper" : 1829,
      "lower" : 1828
    },
    "path" : "instances/ta34"
  },
  {
    "name" : "ta35",
    "jobs" : 30,
    "machines" : 15,
    "optimum" : 2007,
    "path" : "instances/ta35"
  },
  {
    "name" : "ta36",
    "jobs" : 30,
    "machines" : 15,
    "optimum" : 1819,
    "path" : "instances/ta36"
  },
  {
    "name" : "ta37",
    "jobs" : 30,
    "machines" : 15,
    "optimum" : null,
    "bounds" : {
      "upper" : 1778,
      "lower" : 1771
    },
    "path" : "instances/ta37"
  },
  {
    "name" : "ta38",
    "jobs" : 30,
    "machines" : 15,
    "optimum" : 1673,
    "path" : "instances/ta38"
  },
  {
    "name" : "ta39",
    "jobs" : 30,
    "machines" : 15,
    "optimum" : 1795,
    "path" : "instances/ta39"
  },
  {
    "name" : "ta40",
    "jobs" : 30,
    "machines" : 15,
    "optimum" : null,
    "bounds" : {
      "upper" : 1674,
      "lower" : 1631
    },
    "path" : "instances/ta40"
  },
  {
    "name" : "ta41",
    "jobs" : 30,
    "machines" : 20,
    "optimum" : null,
    "bounds" : {
      "upper" : 2018,
      "lower" : 1859
    },
    "path" : "instances/ta41"
  },
  {
    "name" : "ta42",
    "jobs" : 30,
    "machines" : 20,
    "optimum" : null,
    "bounds" : {
      "upper" : 1956,
      "lower" : 1867
    },
    "path" : "instances/ta42"
  },
  {
    "name" : "ta43",
    "jobs" : 30,
    "machines" : 20,
    "optimum" : null,
    "bounds" : {
      "upper" : 1859,
      "lower" : 1809
    },
    "path" : "instances/ta43"
  },
  {
    "name" : "ta44",
    "jobs" : 30,
    "machines" : 20,
    "optimum" : null,
    "bounds" : {
      "upper" : 1984,
      "lower" : 1927
    },
    "path" : "instances/ta44"
  },
  {
    "name" : "ta45",
    "jobs" : 30,
    "machines" : 20,
    "optimum" : null,
    "bounds" : {
      "upper" : 2000,
      "lower" : 1997
    },
    "path" : "instances/ta45"
  },
  {
    "name" : "ta46",
    "jobs" : 30,
    "machines" : 20,
    "optimum" : null,
    "bounds" : {
      "upper" : 2021,
      "lower" : 1940
    },
    "path" : "instances/ta46"
  },
  {
    "name" : "ta47",
    "jobs" : 30,
    "machines" : 20,
    "optimum" : null,
    "bounds" : {
      "upper" : 1903,
      "lower" : 1789
    },
    "path" : "instances/ta47"
  },
  {
    "name" : "ta48",
    "jobs" : 30,
    "machines" : 20,
    "optimum" : null,
    "bounds" : {
      "upper" : 1952,
      "lower" : 1912
    },
    "path" : "instances/ta48"
  },
  {
    "name" : "ta49",
    "jobs" : 30,
    "machines" : 20,
    "optimum" : null,
    "bounds" : {
      "upper" : 1968,
      "lower" : 1915
    },
    "path" : "instances/ta49"
  },
  {
    "name" : "ta50",
    "jobs" : 30,
    "machines" : 20,
    "optimum" : null,
    "bounds" : {
      "upper" : 1926,
      "lower" : 1807
    },
    "path" : "instances/ta50"
  },
  {
    "name" : "ta51",
    "jobs" : 50,
    "machines" : 15,
    "optimum" : 2760,
    "path" : "instances/ta51"
  },
  {
    "name" : "ta52",
    "jobs" : 50,
    "machines" : 15,
    "optimum" : 2756,
    "path" : "instances/ta52"
  },
  {
    "name" : "ta53",
    "jobs" : 50,
    "machines" : 15,
    "optimum" : 2717,
    "path" : "instances/ta53"
  },
  {
    "name" : "ta54",
    "jobs" : 50,
    "machines" : 15,
    "optimum" : 2839,
    "path" : "instances/ta54"
  },
  {
    "name" : "ta55",
    "jobs" : 50,
    "machines" : 15,
    "optimum" : 2679,
    "path" : "instances/ta55"
  },
  {
    "name" : "ta56",
    "jobs" : 50,
    "machines" : 15,
    "optimum" : 2781,
    "path" : "instances/ta56"
  },
  {
    "name" : "ta57",
    "jobs" : 50,
    "machines" : 15,
    "optimum" : 2943,
    "path" : "instances/ta57"
  },
  {
    "name" : "ta58",
    "jobs" : 50,
    "machines" : 15,
    "optimum" : 2885,
    "path" : "instances/ta58"
  },
  {
    "name" : "ta59",
    "jobs" : 50,
    "machines" : 15,
    "optimum" : 2655,
    "path" : "instances/ta59"
  },
  {
    "name" : "ta60",
    "jobs" : 50,
    "machines" : 15,
    "optimum" : 2723,
    "path" : "instances/ta60"
  },
  {
    "name" : "ta61",
    "jobs" : 50,
    "machines" : 20,
    "optimum" : 2868,
    "path" : "instances/ta61"
  },
  {
    "name" : "ta62",
    "jobs" : 50,
    "machines" : 20,
    "optimum" : 2869,
    "path" : "instances/ta62"
  },
  {
    "name" : "ta63",
    "jobs" : 50,
    "machines" : 20,
    "optimum" : 2755,
    "path" : "instances/ta63"
  },
  {
    "name" : "ta64",
    "jobs" : 50,
    "machines" : 20,
    "optimum" : 2702,
    "path" : "instances/ta64"
  },
  {
    "name" : "ta65",
    "jobs" : 50,
    "machines" : 20,
    "optimum" : 2725,
    "path" : "instances/ta65"
  },
  {
    "name" : "ta66",
    "jobs" : 50,
    "machines" : 20,
    "optimum" : 2845,
    "path" : "instances/ta66"
  },
  {
    "name" : "ta67",
    "jobs" : 50,
    "machines" : 20,
    "optimum" : 2825,
    "path" : "instances/ta67"
  },
  {
    "name" : "ta68",
    "jobs" : 50,
    "machines" : 20,
    "optimum" : 2784,
    "path" : "instances/ta68"
  },
  {
    "name" : "ta69",
    "jobs" : 50,
    "machines" : 20,
    "optimum" : 3071,
    "path" : "instances/ta69"
  },
  {
    "name" : "ta70",
    "jobs" : 50,
    "machines" : 20,
    "optimum" : 2995,
    "path" : "instances/ta70"
  },
  {
    "name" : "ta71",
    "jobs" : 100,
    "machines" : 20,
    "optimum" : null,
    "bounds" : null,
    "path" : "instances/ta71"
  },
  {
    "name" : "ta72",
    "jobs" : 100,
    "machines" : 20,
    "optimum" : null,
    "bounds" : null,
    "path" : "instances/ta72"
  },
  {
    "name" : "ta73",
    "jobs" : 100,
    "machines" : 20,
    "optimum" : null,
    "bounds" : null,
    "path" : "instances/ta73"
  },
  {
    "name" : "ta74",
    "jobs" : 100,
    "machines" : 20,
    "optimum" : null,
    "bounds" : null,
    "path" : "instances/ta74"
  },
  {
    "name" : "ta75",
    "jobs" : 100,
    "machines" : 20,
    "optimum" : null,
    "bounds" : null,
    "path" : "instances/ta75"
  },
  {
    "name" : "ta76",
    "jobs" : 100,
    "machines" : 20,
    "optimum" : null,
    "bounds" : null,
    "path" : "instances/ta76"
  },
  {
    "name" : "ta77",
    "jobs" : 100,
    "machines" : 20,
    "optimum" : null,
    "bounds" : null,
    "path" : "instances/ta77"
  },
  {
    "name" : "ta78",
    "jobs" : 100,
    "machines" : 20,
    "optimum" : null,
    "bounds" : null,
    "path" : "instances/ta78"
  },
  {
    "name" : "ta79",
    "jobs" : 100,
    "machines" : 20,
    "optimum" : null,
    "bounds" : null,
    "path" : "instances/ta79"
  },
  {
    "name" : "ta80",
    "jobs" : 100,
    "machines" : 20,
    "optimum" : null,
    "bounds" : null,
    "path" : "instances/ta80"
  }
]
